{
	"tracks" : [ 		{
			"events" : [ 				{
					"time" : 833.319146189838648,
					"int" : 148
				}
, 				{
					"time" : 0.0,
					"int" : 65
				}
, 				{
					"time" : 0.0,
					"int" : 28
				}
, 				{
					"time" : 637.244179626461118,
					"int" : 148
				}
, 				{
					"time" : 0.0,
					"int" : 67
				}
, 				{
					"time" : 0.0,
					"int" : 31
				}
, 				{
					"time" : 28.82294604042545,
					"int" : 148
				}
, 				{
					"time" : 0.0,
					"int" : 65
				}
, 				{
					"time" : 0.0,
					"int" : 0
				}
, 				{
					"time" : 595.153684021439403,
					"int" : 148
				}
, 				{
					"time" : 0.0,
					"int" : 69
				}
, 				{
					"time" : 0.0,
					"int" : 33
				}
, 				{
					"time" : 42.126409937627614,
					"int" : 148
				}
, 				{
					"time" : 0.0,
					"int" : 67
				}
, 				{
					"time" : 0.0,
					"int" : 0
				}
, 				{
					"time" : 623.948319728951901,
					"int" : 148
				}
, 				{
					"time" : 0.0,
					"int" : 69
				}
, 				{
					"time" : 0.0,
					"int" : 0
				}
, 				{
					"time" : 567.304678352084011,
					"int" : 148
				}
, 				{
					"time" : 0.0,
					"int" : 72
				}
, 				{
					"time" : 0.0,
					"int" : 28
				}
, 				{
					"time" : 666.119060999713838,
					"int" : 148
				}
, 				{
					"time" : 0.0,
					"int" : 72
				}
, 				{
					"time" : 0.0,
					"int" : 0
				}
, 				{
					"time" : 628.083444512449205,
					"int" : 148
				}
, 				{
					"time" : 0.0,
					"int" : 74
				}
, 				{
					"time" : 0.0,
					"int" : 35
				}
 ],
			"length" : 0.0,
			"loop" : 0,
			"trackspeed" : 1.0
		}
 ],
	"type" : "dump"
}
